,hour,start station name,start station latitude,start station longitude,start station id
0,0,5 Corners Library,40.73496102000952,-74.05950307846071,13
1,0,Astor Place,40.71928220070703,-74.07126188278198,18
2,0,Baldwin at Montgomery,40.7236589,-74.0641943,10
3,0,Bergen Ave,40.72210378668603,-74.07145500183104,8
4,0,Brunswick & 6th,40.726011729646245,-74.0503889322281,4
5,0,Brunswick St,40.7241765,-74.05065640000002,12
6,0,Christ Hospital,40.734785818,-74.050443636,14
7,0,City Hall,40.7177325,-74.04384499999998,35
8,0,Columbus Dr at Exchange Pl,40.71687,-74.03281,143
9,0,Columbus Drive,40.71835519823214,-74.03891444206238,27
10,0,Communipaw & Berry Lane,40.71435836870427,-74.06661093235016,4
11,0,Dey St,40.737711,-74.066921,3
12,0,Dixon Mills,40.72163014263835,-74.04996782541275,17
13,0,Essex Light Rail,40.71277420000001,-74.03648570000001,15
14,0,Fairmount Ave,40.72572613742557,-74.07195925712584,6
15,0,Glenwood Ave,40.72755146730012,-74.07106071710588,10
16,0,Grand St,40.71517767732029,-74.03768330812454,23
17,0,Grove St PATH,40.71958611647166,-74.0431174635887,137
18,0,Hamilton Park,40.727595965999996,-74.044247311,49
19,0,Harborside,40.71925170000001,-74.034234,47
20,0,Heights Elevator,40.748715945380226,-74.04044330120088,21
21,0,Hilltop,40.7311689,-74.0575736,10
22,0,Hoboken Ave at Monmouth St,40.73520838045357,-74.04696375131606,25
23,0,JC Medical Center,40.71653978099194,-74.0496379137039,14
24,0,Jackson Square,40.71113,-74.0789,8
25,0,Jersey & 3rd,40.723331586464354,-74.04595255851744,10
26,0,Jersey & 6th St,40.72528910781132,-74.04557168483734,16
27,0,Journal Square,40.73367,-74.0625,18
28,0,Lafayette Park,40.71346382669195,-74.06285852193831,4
29,0,Leonard Gordon Park,40.74590996631558,-74.05727148056029,2
30,0,Liberty Light Rail,40.7112423,-74.0557013,10
31,0,Lincoln Park,40.7246050998869,-74.07840594649316,11
32,0,Manila & 1st,40.72165072487999,-74.04288411140442,25
33,0,Marin Light Rail,40.71458403535893,-74.04281705617905,30
34,0,McGinley Square,40.7253399253558,-74.06762212514876,31
35,0,Monmouth and 6th,40.72568548362901,-74.0487903356552,8
36,0,Montgomery St,40.71942,-74.05099,15
37,0,Morris Canal,40.7124188237569,-74.03852552175522,37
38,0,Newark Ave,40.72152515,-74.046304543,40
39,0,Newport PATH,40.7272235,-74.03375890000002,46
40,0,Newport Pkwy,40.7287448,-74.03210820000002,66
41,0,Oakland Ave,40.7376037,-74.05247829999998,10
42,0,Paulus Hook,40.7141454,-74.0335519,75
43,0,Pershing Field,40.742677141,-74.051788633,16
44,0,Riverview Park,40.7443187,-74.04399090000003,5
45,0,Sip Ave,40.73089709786179,-74.06391263008119,73
46,0,Union St,40.71821129999999,-74.08363940000002,50
47,0,Van Vorst Park,40.71848892,-74.047726625,11
48,0,Warren St,40.72112360000001,-74.03805095,10
49,0,Washington St,40.7242941,-74.0354826,36
50,0,York St,40.71649,-74.04105,8
51,1,5 Corners Library,40.73496102000952,-74.05950307846071,8
52,1,Astor Place,40.71928220070703,-74.07126188278198,6
53,1,Baldwin at Montgomery,40.7236589,-74.0641943,13
54,1,Bergen Ave,40.72210378668603,-74.07145500183104,9
55,1,Brunswick & 6th,40.726011729646245,-74.0503889322281,6
56,1,Brunswick St,40.7241765,-74.05065640000002,9
57,1,City Hall,40.7177325,-74.04384499999998,23
58,1,Columbus Dr at Exchange Pl,40.71687,-74.03281,75
59,1,Columbus Drive,40.71835519823214,-74.03891444206238,12
60,1,Communipaw & Berry Lane,40.71435836870427,-74.06661093235016,7
61,1,Dey St,40.737711,-74.066921,8
62,1,Dixon Mills,40.72163014263835,-74.04996782541275,5
63,1,Essex Light Rail,40.71277420000001,-74.03648570000001,12
64,1,Fairmount Ave,40.72572613742557,-74.07195925712584,7
65,1,Glenwood Ave,40.72755146730012,-74.07106071710588,7
66,1,Grand St,40.71517767732029,-74.03768330812454,8
67,1,Grove St PATH,40.71958611647166,-74.0431174635887,87
68,1,Hamilton Park,40.727595965999996,-74.044247311,20
69,1,Harborside,40.71925170000001,-74.034234,22
70,1,Heights Elevator,40.748715945380226,-74.04044330120088,9
71,1,Hilltop,40.7311689,-74.0575736,18
72,1,Hoboken Ave at Monmouth St,40.73520838045357,-74.04696375131606,8
73,1,JC Medical Center,40.71653978099194,-74.0496379137039,8
74,1,Jackson Square,40.71113,-74.0789,6
75,1,Jersey & 3rd,40.723331586464354,-74.04595255851744,7
76,1,Jersey & 6th St,40.72528910781132,-74.04557168483734,5
77,1,Journal Square,40.73367,-74.0625,11
78,1,Lafayette Park,40.71346382669195,-74.06285852193831,5
79,1,Leonard Gordon Park,40.74590996631558,-74.05727148056029,8
80,1,Liberty Light Rail,40.7112423,-74.0557013,11
81,1,Lincoln Park,40.7246050998869,-74.07840594649316,8
82,1,Manila & 1st,40.72165072487999,-74.04288411140442,6
83,1,Marin Light Rail,40.71458403535893,-74.04281705617905,19
84,1,McGinley Square,40.7253399253558,-74.06762212514876,23
85,1,Monmouth and 6th,40.72568548362901,-74.0487903356552,6
86,1,Montgomery St,40.71942,-74.05099,4
87,1,Morris Canal,40.7124188237569,-74.03852552175522,4
88,1,Newark Ave,40.72152515,-74.046304543,19
89,1,Newport PATH,40.7272235,-74.03375890000002,21
90,1,Newport Pkwy,40.7287448,-74.03210820000002,36
91,1,Oakland Ave,40.7376037,-74.05247829999998,4
92,1,Paulus Hook,40.7141454,-74.0335519,54
93,1,Pershing Field,40.742677141,-74.051788633,7
94,1,Riverview Park,40.7443187,-74.04399090000003,2
95,1,Sip Ave,40.73089709786179,-74.06391263008119,56
96,1,Union St,40.71821129999999,-74.08363940000002,17
97,1,Van Vorst Park,40.71848892,-74.047726625,9
98,1,Warren St,40.72112360000001,-74.03805095,8
99,1,Washington St,40.7242941,-74.0354826,24
100,1,York St,40.71649,-74.04105,3
101,2,5 Corners Library,40.73496102000952,-74.05950307846071,5
102,2,Astor Place,40.71928220070703,-74.07126188278198,2
103,2,Baldwin at Montgomery,40.7236589,-74.0641943,3
104,2,Bergen Ave,40.72210378668603,-74.07145500183104,3
105,2,Brunswick & 6th,40.726011729646245,-74.0503889322281,6
106,2,Brunswick St,40.7241765,-74.05065640000002,13
107,2,Christ Hospital,40.734785818,-74.050443636,1
108,2,City Hall,40.7177325,-74.04384499999998,5
109,2,Columbus Dr at Exchange Pl,40.71687,-74.03281,38
110,2,Columbus Drive,40.71835519823214,-74.03891444206238,5
111,2,Communipaw & Berry Lane,40.71435836870427,-74.06661093235016,9
112,2,Dey St,40.737711,-74.066921,1
113,2,Dixon Mills,40.72163014263835,-74.04996782541275,3
114,2,Essex Light Rail,40.71277420000001,-74.03648570000001,4
115,2,Fairmount Ave,40.72572613742557,-74.07195925712584,1
116,2,Glenwood Ave,40.72755146730012,-74.07106071710588,3
117,2,Grand St,40.71517767732029,-74.03768330812454,2
118,2,Grove St PATH,40.71958611647166,-74.0431174635887,25
119,2,Hamilton Park,40.727595965999996,-74.044247311,10
120,2,Harborside,40.71925170000001,-74.034234,8
121,2,Heights Elevator,40.748715945380226,-74.04044330120088,3
122,2,Hilltop,40.7311689,-74.0575736,9
123,2,Hoboken Ave at Monmouth St,40.73520838045357,-74.04696375131606,6
124,2,JC Medical Center,40.71653978099194,-74.0496379137039,4
125,2,Jackson Square,40.71113,-74.0789,3
126,2,Jersey & 3rd,40.723331586464354,-74.04595255851744,1
127,2,Jersey & 6th St,40.72528910781132,-74.04557168483734,4
128,2,Journal Square,40.73367,-74.0625,4
129,2,Lafayette Park,40.71346382669195,-74.06285852193831,4
130,2,Leonard Gordon Park,40.74590996631558,-74.05727148056029,3
131,2,Liberty Light Rail,40.7112423,-74.0557013,5
132,2,Lincoln Park,40.7246050998869,-74.07840594649316,6
133,2,Manila & 1st,40.72165072487999,-74.04288411140442,15
134,2,Marin Light Rail,40.71458403535893,-74.04281705617905,8
135,2,McGinley Square,40.7253399253558,-74.06762212514876,12
136,2,Monmouth and 6th,40.72568548362901,-74.0487903356552,5
137,2,Morris Canal,40.7124188237569,-74.03852552175522,9
138,2,Newark Ave,40.72152515,-74.046304543,12
139,2,Newport PATH,40.7272235,-74.03375890000002,7
140,2,Newport Pkwy,40.7287448,-74.03210820000002,19
141,2,Oakland Ave,40.7376037,-74.05247829999998,1
142,2,Paulus Hook,40.7141454,-74.0335519,26
143,2,Pershing Field,40.742677141,-74.051788633,1
144,2,Sip Ave,40.73089709786179,-74.06391263008119,25
145,2,Union St,40.71821129999999,-74.08363940000002,15
146,2,Van Vorst Park,40.71848892,-74.047726625,7
147,2,Warren St,40.72112360000001,-74.03805095,7
148,2,Washington St,40.7242941,-74.0354826,5
149,2,York St,40.71649,-74.04105,8
150,3,5 Corners Library,40.73496102000952,-74.05950307846071,4
151,3,Astor Place,40.71928220070703,-74.07126188278198,9
152,3,Baldwin at Montgomery,40.7236589,-74.0641943,2
153,3,Bergen Ave,40.72210378668603,-74.07145500183104,8
154,3,Brunswick & 6th,40.726011729646245,-74.0503889322281,5
155,3,Brunswick St,40.7241765,-74.05065640000002,2
156,3,Christ Hospital,40.734785818,-74.050443636,2
157,3,City Hall,40.7177325,-74.04384499999998,4
158,3,Columbus Dr at Exchange Pl,40.71687,-74.03281,24
159,3,Columbus Drive,40.71835519823214,-74.03891444206238,1
160,3,Communipaw & Berry Lane,40.71435836870427,-74.06661093235016,3
161,3,Dixon Mills,40.72163014263835,-74.04996782541275,5
162,3,Essex Light Rail,40.71277420000001,-74.03648570000001,4
163,3,Fairmount Ave,40.72572613742557,-74.07195925712584,4
164,3,Glenwood Ave,40.72755146730012,-74.07106071710588,1
165,3,Grove St PATH,40.71958611647166,-74.0431174635887,16
166,3,Hamilton Park,40.727595965999996,-74.044247311,6
167,3,Harborside,40.71925170000001,-74.034234,3
168,3,Heights Elevator,40.748715945380226,-74.04044330120088,1
169,3,Hilltop,40.7311689,-74.0575736,4
170,3,Hoboken Ave at Monmouth St,40.73520838045357,-74.04696375131606,7
171,3,JC Medical Center,40.71653978099194,-74.0496379137039,1
172,3,Jackson Square,40.71113,-74.0789,3
173,3,Jersey & 3rd,40.723331586464354,-74.04595255851744,1
174,3,Jersey & 6th St,40.72528910781132,-74.04557168483734,4
175,3,Journal Square,40.73367,-74.0625,3
176,3,Lafayette Park,40.71346382669195,-74.06285852193831,3
177,3,Leonard Gordon Park,40.74590996631558,-74.05727148056029,1
178,3,Liberty Light Rail,40.7112423,-74.0557013,2
179,3,Lincoln Park,40.7246050998869,-74.07840594649316,3
180,3,Manila & 1st,40.72165072487999,-74.04288411140442,4
181,3,McGinley Square,40.7253399253558,-74.06762212514876,12
182,3,Monmouth and 6th,40.72568548362901,-74.0487903356552,2
183,3,Newark Ave,40.72152515,-74.046304543,6
184,3,Newport PATH,40.7272235,-74.03375890000002,9
185,3,Newport Pkwy,40.7287448,-74.03210820000002,18
186,3,Paulus Hook,40.7141454,-74.0335519,24
187,3,Pershing Field,40.742677141,-74.051788633,3
188,3,Riverview Park,40.7443187,-74.04399090000003,1
189,3,Sip Ave,40.73089709786179,-74.06391263008119,16
190,3,Union St,40.71821129999999,-74.08363940000002,12
191,3,Van Vorst Park,40.71848892,-74.047726625,3
192,3,Warren St,40.72112360000001,-74.03805095,4
193,3,Washington St,40.7242941,-74.0354826,2
194,3,York St,40.71649,-74.04105,5
195,4,Astor Place,40.71928220070703,-74.07126188278198,15
196,4,Baldwin at Montgomery,40.7236589,-74.0641943,2
197,4,Bergen Ave,40.72210378668603,-74.07145500183104,1
198,4,Brunswick & 6th,40.726011729646245,-74.0503889322281,17
199,4,Christ Hospital,40.734785818,-74.050443636,12
200,4,City Hall,40.7177325,-74.04384499999998,4
201,4,Columbus Dr at Exchange Pl,40.71687,-74.03281,10
202,4,Communipaw & Berry Lane,40.71435836870427,-74.06661093235016,2
203,4,Dey St,40.737711,-74.066921,2
204,4,Dixon Mills,40.72163014263835,-74.04996782541275,2
205,4,Fairmount Ave,40.72572613742557,-74.07195925712584,20
206,4,Glenwood Ave,40.72755146730012,-74.07106071710588,29
207,4,Grand St,40.71517767732029,-74.03768330812454,1
208,4,Grove St PATH,40.71958611647166,-74.0431174635887,10
209,4,Hamilton Park,40.727595965999996,-74.044247311,29
210,4,Harborside,40.71925170000001,-74.034234,10
211,4,Heights Elevator,40.748715945380226,-74.04044330120088,2
212,4,Hilltop,40.7311689,-74.0575736,13
213,4,Jackson Square,40.71113,-74.0789,19
214,4,Jersey & 3rd,40.723331586464354,-74.04595255851744,2
215,4,Jersey & 6th St,40.72528910781132,-74.04557168483734,1
216,4,Journal Square,40.73367,-74.0625,2
217,4,Lafayette Park,40.71346382669195,-74.06285852193831,17
218,4,Leonard Gordon Park,40.74590996631558,-74.05727148056029,6
219,4,Liberty Light Rail,40.7112423,-74.0557013,4
220,4,Lincoln Park,40.7246050998869,-74.07840594649316,6
221,4,Manila & 1st,40.72165072487999,-74.04288411140442,3
222,4,Marin Light Rail,40.71458403535893,-74.04281705617905,6
223,4,McGinley Square,40.7253399253558,-74.06762212514876,10
224,4,Monmouth and 6th,40.72568548362901,-74.0487903356552,28
225,4,Montgomery St,40.71942,-74.05099,5
226,4,Newark Ave,40.72152515,-74.046304543,4
227,4,Newport PATH,40.7272235,-74.03375890000002,6
228,4,Newport Pkwy,40.7287448,-74.03210820000002,9
229,4,Oakland Ave,40.7376037,-74.05247829999998,25
230,4,Paulus Hook,40.7141454,-74.0335519,5
231,4,Riverview Park,40.7443187,-74.04399090000003,1
232,4,Sip Ave,40.73089709786179,-74.06391263008119,22
233,4,Union St,40.71821129999999,-74.08363940000002,3
234,4,Van Vorst Park,40.71848892,-74.047726625,4
235,4,Warren St,40.72112360000001,-74.03805095,4
236,4,Washington St,40.7242941,-74.0354826,1
237,5,5 Corners Library,40.73496102000952,-74.05950307846071,1
238,5,Astor Place,40.71928220070703,-74.07126188278198,13
239,5,Baldwin at Montgomery,40.7236589,-74.0641943,45
240,5,Bergen Ave,40.72210378668603,-74.07145500183104,35
241,5,Brunswick & 6th,40.726011729646245,-74.0503889322281,18
242,5,Brunswick St,40.7241765,-74.05065640000002,25
243,5,Christ Hospital,40.734785818,-74.050443636,2
244,5,City Hall,40.7177325,-74.04384499999998,5
245,5,Columbus Dr at Exchange Pl,40.71687,-74.03281,11
246,5,Columbus Drive,40.71835519823214,-74.03891444206238,12
247,5,Communipaw & Berry Lane,40.71435836870427,-74.06661093235016,14
248,5,Dixon Mills,40.72163014263835,-74.04996782541275,48
249,5,Essex Light Rail,40.71277420000001,-74.03648570000001,12
250,5,Fairmount Ave,40.72572613742557,-74.07195925712584,97
251,5,Glenwood Ave,40.72755146730012,-74.07106071710588,26
252,5,Grand St,40.71517767732029,-74.03768330812454,5
253,5,Grove St PATH,40.71958611647166,-74.0431174635887,28
254,5,Hamilton Park,40.727595965999996,-74.044247311,72
255,5,Harborside,40.71925170000001,-74.034234,24
256,5,Heights Elevator,40.748715945380226,-74.04044330120088,3
257,5,Hilltop,40.7311689,-74.0575736,12
258,5,Hoboken Ave at Monmouth St,40.73520838045357,-74.04696375131606,8
259,5,JC Medical Center,40.71653978099194,-74.0496379137039,8
260,5,Jackson Square,40.71113,-74.0789,8
261,5,Jersey & 3rd,40.723331586464354,-74.04595255851744,3
262,5,Jersey & 6th St,40.72528910781132,-74.04557168483734,20
263,5,Journal Square,40.73367,-74.0625,1
264,5,Lafayette Park,40.71346382669195,-74.06285852193831,1
265,5,Leonard Gordon Park,40.74590996631558,-74.05727148056029,5
266,5,Liberty Light Rail,40.7112423,-74.0557013,7
267,5,Lincoln Park,40.7246050998869,-74.07840594649316,26
268,5,Manila & 1st,40.72165072487999,-74.04288411140442,14
269,5,Marin Light Rail,40.71458403535893,-74.04281705617905,31
270,5,McGinley Square,40.7253399253558,-74.06762212514876,49
271,5,Monmouth and 6th,40.72568548362901,-74.0487903356552,40
272,5,Montgomery St,40.71942,-74.05099,12
273,5,Morris Canal,40.7124188237569,-74.03852552175522,37
274,5,Newark Ave,40.72152515,-74.046304543,10
275,5,Newport PATH,40.7272235,-74.03375890000002,10
276,5,Newport Pkwy,40.7287448,-74.03210820000002,56
277,5,Oakland Ave,40.7376037,-74.05247829999998,37
278,5,Paulus Hook,40.7141454,-74.0335519,6
279,5,Pershing Field,40.742677141,-74.051788633,21
280,5,Riverview Park,40.7443187,-74.04399090000003,1
281,5,Sip Ave,40.73089709786179,-74.06391263008119,45
282,5,Union St,40.71821129999999,-74.08363940000002,5
283,5,Van Vorst Park,40.71848892,-74.047726625,17
284,5,Warren St,40.72112360000001,-74.03805095,9
285,5,Washington St,40.7242941,-74.0354826,18
286,5,York St,40.71649,-74.04105,1
287,6,5 Corners Library,40.73496102000952,-74.05950307846071,5
288,6,Astor Place,40.71928220070703,-74.07126188278198,49
289,6,Baldwin at Montgomery,40.7236589,-74.0641943,111
290,6,Bergen Ave,40.72210378668603,-74.07145500183104,59
291,6,Brunswick & 6th,40.726011729646245,-74.0503889322281,65
292,6,Brunswick St,40.7241765,-74.05065640000002,43
293,6,Christ Hospital,40.734785818,-74.050443636,42
294,6,City Hall,40.7177325,-74.04384499999998,7
295,6,Columbus Dr at Exchange Pl,40.71687,-74.03281,29
296,6,Columbus Drive,40.71835519823214,-74.03891444206238,46
297,6,Communipaw & Berry Lane,40.71435836870427,-74.06661093235016,6
298,6,Dey St,40.737711,-74.066921,3
299,6,Dixon Mills,40.72163014263835,-74.04996782541275,97
300,6,Essex Light Rail,40.71277420000001,-74.03648570000001,78
301,6,Fairmount Ave,40.72572613742557,-74.07195925712584,124
302,6,Glenwood Ave,40.72755146730012,-74.07106071710588,43
303,6,Grand St,40.71517767732029,-74.03768330812454,26
304,6,Grove St PATH,40.71958611647166,-74.0431174635887,56
305,6,Hamilton Park,40.727595965999996,-74.044247311,260
306,6,Harborside,40.71925170000001,-74.034234,82
307,6,Heights Elevator,40.748715945380226,-74.04044330120088,33
308,6,Hilltop,40.7311689,-74.0575736,11
309,6,Hoboken Ave at Monmouth St,40.73520838045357,-74.04696375131606,20
310,6,JC Medical Center,40.71653978099194,-74.0496379137039,120
311,6,Jackson Square,40.71113,-74.0789,48
312,6,Jersey & 3rd,40.723331586464354,-74.04595255851744,25
313,6,Jersey & 6th St,40.72528910781132,-74.04557168483734,46
314,6,Journal Square,40.73367,-74.0625,5
315,6,Lafayette Park,40.71346382669195,-74.06285852193831,39
316,6,Leonard Gordon Park,40.74590996631558,-74.05727148056029,39
317,6,Liberty Light Rail,40.7112423,-74.0557013,34
318,6,Lincoln Park,40.7246050998869,-74.07840594649316,28
319,6,Manila & 1st,40.72165072487999,-74.04288411140442,22
320,6,Marin Light Rail,40.71458403535893,-74.04281705617905,229
321,6,McGinley Square,40.7253399253558,-74.06762212514876,87
322,6,Monmouth and 6th,40.72568548362901,-74.0487903356552,70
323,6,Montgomery St,40.71942,-74.05099,23
324,6,Morris Canal,40.7124188237569,-74.03852552175522,269
325,6,Newark Ave,40.72152515,-74.046304543,117
326,6,Newport PATH,40.7272235,-74.03375890000002,19
327,6,Newport Pkwy,40.7287448,-74.03210820000002,150
328,6,Oakland Ave,40.7376037,-74.05247829999998,167
329,6,Paulus Hook,40.7141454,-74.0335519,28
330,6,Pershing Field,40.742677141,-74.051788633,57
331,6,Riverview Park,40.7443187,-74.04399090000003,39
332,6,Sip Ave,40.73089709786179,-74.06391263008119,75
333,6,Union St,40.71821129999999,-74.08363940000002,14
334,6,Van Vorst Park,40.71848892,-74.047726625,59
335,6,Warren St,40.72112360000001,-74.03805095,72
336,6,Washington St,40.7242941,-74.0354826,74
337,6,York St,40.71649,-74.04105,42
338,7,5 Corners Library,40.73496102000952,-74.05950307846071,16
339,7,Astor Place,40.71928220070703,-74.07126188278198,118
340,7,Baldwin at Montgomery,40.7236589,-74.0641943,76
341,7,Bergen Ave,40.72210378668603,-74.07145500183104,132
342,7,Brunswick & 6th,40.726011729646245,-74.0503889322281,222
343,7,Brunswick St,40.7241765,-74.05065640000002,148
344,7,Christ Hospital,40.734785818,-74.050443636,50
345,7,City Hall,40.7177325,-74.04384499999998,103
346,7,Columbus Dr at Exchange Pl,40.71687,-74.03281,98
347,7,Columbus Drive,40.71835519823214,-74.03891444206238,97
348,7,Communipaw & Berry Lane,40.71435836870427,-74.06661093235016,29
349,7,Dey St,40.737711,-74.066921,14
350,7,Dixon Mills,40.72163014263835,-74.04996782541275,211
351,7,Essex Light Rail,40.71277420000001,-74.03648570000001,101
352,7,Fairmount Ave,40.72572613742557,-74.07195925712584,102
353,7,Glenwood Ave,40.72755146730012,-74.07106071710588,58
354,7,Grand St,40.71517767732029,-74.03768330812454,67
355,7,Grove St PATH,40.71958611647166,-74.0431174635887,147
356,7,Hamilton Park,40.727595965999996,-74.044247311,528
357,7,Harborside,40.71925170000001,-74.034234,175
358,7,Heights Elevator,40.748715945380226,-74.04044330120088,21
359,7,Hilltop,40.7311689,-74.0575736,38
360,7,Hoboken Ave at Monmouth St,40.73520838045357,-74.04696375131606,32
361,7,JC Medical Center,40.71653978099194,-74.0496379137039,282
362,7,Jackson Square,40.71113,-74.0789,21
363,7,Jersey & 3rd,40.723331586464354,-74.04595255851744,107
364,7,Jersey & 6th St,40.72528910781132,-74.04557168483734,165
365,7,Journal Square,40.73367,-74.0625,13
366,7,Lafayette Park,40.71346382669195,-74.06285852193831,110
367,7,Leonard Gordon Park,40.74590996631558,-74.05727148056029,29
368,7,Liberty Light Rail,40.7112423,-74.0557013,304
369,7,Lincoln Park,40.7246050998869,-74.07840594649316,74
370,7,Manila & 1st,40.72165072487999,-74.04288411140442,51
371,7,Marin Light Rail,40.71458403535893,-74.04281705617905,269
372,7,McGinley Square,40.7253399253558,-74.06762212514876,148
373,7,Monmouth and 6th,40.72568548362901,-74.0487903356552,215
374,7,Montgomery St,40.71942,-74.05099,44
375,7,Morris Canal,40.7124188237569,-74.03852552175522,280
376,7,Newark Ave,40.72152515,-74.046304543,64
377,7,Newport PATH,40.7272235,-74.03375890000002,69
378,7,Newport Pkwy,40.7287448,-74.03210820000002,287
379,7,Oakland Ave,40.7376037,-74.05247829999998,60
380,7,Paulus Hook,40.7141454,-74.0335519,57
381,7,Pershing Field,40.742677141,-74.051788633,85
382,7,Riverview Park,40.7443187,-74.04399090000003,26
383,7,Sip Ave,40.73089709786179,-74.06391263008119,221
384,7,Union St,40.71821129999999,-74.08363940000002,20
385,7,Van Vorst Park,40.71848892,-74.047726625,124
386,7,Warren St,40.72112360000001,-74.03805095,123
387,7,Washington St,40.7242941,-74.0354826,106
388,7,York St,40.71649,-74.04105,49
389,8,5 Corners Library,40.73496102000952,-74.05950307846071,16
390,8,Astor Place,40.71928220070703,-74.07126188278198,169
391,8,Baldwin at Montgomery,40.7236589,-74.0641943,150
392,8,Bergen Ave,40.72210378668603,-74.07145500183104,162
393,8,Brunswick & 6th,40.726011729646245,-74.0503889322281,350
394,8,Brunswick St,40.7241765,-74.05065640000002,338
395,8,Christ Hospital,40.734785818,-74.050443636,86
396,8,City Hall,40.7177325,-74.04384499999998,136
397,8,Columbus Dr at Exchange Pl,40.71687,-74.03281,121
398,8,Columbus Drive,40.71835519823214,-74.03891444206238,147
399,8,Communipaw & Berry Lane,40.71435836870427,-74.06661093235016,45
400,8,Dey St,40.737711,-74.066921,50
401,8,Dixon Mills,40.72163014263835,-74.04996782541275,144
402,8,Essex Light Rail,40.71277420000001,-74.03648570000001,110
403,8,Fairmount Ave,40.72572613742557,-74.07195925712584,88
404,8,Glenwood Ave,40.72755146730012,-74.07106071710588,27
405,8,Grand St,40.71517767732029,-74.03768330812454,92
406,8,Grove St PATH,40.71958611647166,-74.0431174635887,379
407,8,Hamilton Park,40.727595965999996,-74.044247311,554
408,8,Harborside,40.71925170000001,-74.034234,315
409,8,Heights Elevator,40.748715945380226,-74.04044330120088,55
410,8,Hilltop,40.7311689,-74.0575736,90
411,8,Hoboken Ave at Monmouth St,40.73520838045357,-74.04696375131606,111
412,8,JC Medical Center,40.71653978099194,-74.0496379137039,259
413,8,Jackson Square,40.71113,-74.0789,13
414,8,Jersey & 3rd,40.723331586464354,-74.04595255851744,141
415,8,Jersey & 6th St,40.72528910781132,-74.04557168483734,339
416,8,Journal Square,40.73367,-74.0625,61
417,8,Lafayette Park,40.71346382669195,-74.06285852193831,104
418,8,Leonard Gordon Park,40.74590996631558,-74.05727148056029,40
419,8,Liberty Light Rail,40.7112423,-74.0557013,371
420,8,Lincoln Park,40.7246050998869,-74.07840594649316,157
421,8,Manila & 1st,40.72165072487999,-74.04288411140442,79
422,8,Marin Light Rail,40.71458403535893,-74.04281705617905,408
423,8,McGinley Square,40.7253399253558,-74.06762212514876,154
424,8,Monmouth and 6th,40.72568548362901,-74.0487903356552,291
425,8,Montgomery St,40.71942,-74.05099,41
426,8,Morris Canal,40.7124188237569,-74.03852552175522,244
427,8,Newark Ave,40.72152515,-74.046304543,169
428,8,Newport PATH,40.7272235,-74.03375890000002,111
429,8,Newport Pkwy,40.7287448,-74.03210820000002,328
430,8,Oakland Ave,40.7376037,-74.05247829999998,83
431,8,Paulus Hook,40.7141454,-74.0335519,106
432,8,Pershing Field,40.742677141,-74.051788633,91
433,8,Riverview Park,40.7443187,-74.04399090000003,49
434,8,Sip Ave,40.73089709786179,-74.06391263008119,227
435,8,Union St,40.71821129999999,-74.08363940000002,35
436,8,Van Vorst Park,40.71848892,-74.047726625,218
437,8,Warren St,40.72112360000001,-74.03805095,151
438,8,Washington St,40.7242941,-74.0354826,106
439,8,York St,40.71649,-74.04105,71
440,9,5 Corners Library,40.73496102000952,-74.05950307846071,42
441,9,Astor Place,40.71928220070703,-74.07126188278198,158
442,9,Baldwin at Montgomery,40.7236589,-74.0641943,96
443,9,Bergen Ave,40.72210378668603,-74.07145500183104,80
444,9,Brunswick & 6th,40.726011729646245,-74.0503889322281,173
445,9,Brunswick St,40.7241765,-74.05065640000002,130
446,9,Christ Hospital,40.734785818,-74.050443636,46
447,9,City Hall,40.7177325,-74.04384499999998,167
448,9,Columbus Dr at Exchange Pl,40.71687,-74.03281,99
449,9,Columbus Drive,40.71835519823214,-74.03891444206238,127
450,9,Communipaw & Berry Lane,40.71435836870427,-74.06661093235016,41
451,9,Dey St,40.737711,-74.066921,36
452,9,Dixon Mills,40.72163014263835,-74.04996782541275,113
453,9,Essex Light Rail,40.71277420000001,-74.03648570000001,105
454,9,Fairmount Ave,40.72572613742557,-74.07195925712584,80
455,9,Glenwood Ave,40.72755146730012,-74.07106071710588,52
456,9,Grand St,40.71517767732029,-74.03768330812454,75
457,9,Grove St PATH,40.71958611647166,-74.0431174635887,278
458,9,Hamilton Park,40.727595965999996,-74.044247311,420
459,9,Harborside,40.71925170000001,-74.034234,181
460,9,Heights Elevator,40.748715945380226,-74.04044330120088,37
461,9,Hilltop,40.7311689,-74.0575736,69
462,9,Hoboken Ave at Monmouth St,40.73520838045357,-74.04696375131606,77
463,9,JC Medical Center,40.71653978099194,-74.0496379137039,171
464,9,Jackson Square,40.71113,-74.0789,33
465,9,Jersey & 3rd,40.723331586464354,-74.04595255851744,153
466,9,Jersey & 6th St,40.72528910781132,-74.04557168483734,221
467,9,Journal Square,40.73367,-74.0625,68
468,9,Lafayette Park,40.71346382669195,-74.06285852193831,97
469,9,Leonard Gordon Park,40.74590996631558,-74.05727148056029,31
470,9,Liberty Light Rail,40.7112423,-74.0557013,312
471,9,Lincoln Park,40.7246050998869,-74.07840594649316,130
472,9,Manila & 1st,40.72165072487999,-74.04288411140442,85
473,9,Marin Light Rail,40.71458403535893,-74.04281705617905,304
474,9,McGinley Square,40.7253399253558,-74.06762212514876,96
475,9,Monmouth and 6th,40.72568548362901,-74.0487903356552,109
476,9,Montgomery St,40.71942,-74.05099,60
477,9,Morris Canal,40.7124188237569,-74.03852552175522,165
478,9,Newark Ave,40.72152515,-74.046304543,179
479,9,Newport PATH,40.7272235,-74.03375890000002,117
480,9,Newport Pkwy,40.7287448,-74.03210820000002,258
481,9,Oakland Ave,40.7376037,-74.05247829999998,67
482,9,Paulus Hook,40.7141454,-74.0335519,83
483,9,Pershing Field,40.742677141,-74.051788633,90
484,9,Riverview Park,40.7443187,-74.04399090000003,31
485,9,Sip Ave,40.73089709786179,-74.06391263008119,151
486,9,Union St,40.71821129999999,-74.08363940000002,33
487,9,Van Vorst Park,40.71848892,-74.047726625,140
488,9,Warren St,40.72112360000001,-74.03805095,153
489,9,Washington St,40.7242941,-74.0354826,91
490,9,York St,40.71649,-74.04105,59
491,10,5 Corners Library,40.73496102000952,-74.05950307846071,19
492,10,Astor Place,40.71928220070703,-74.07126188278198,82
493,10,Baldwin at Montgomery,40.7236589,-74.0641943,91
494,10,Bergen Ave,40.72210378668603,-74.07145500183104,75
495,10,Brunswick & 6th,40.726011729646245,-74.0503889322281,117
496,10,Brunswick St,40.7241765,-74.05065640000002,117
497,10,Christ Hospital,40.734785818,-74.050443636,24
498,10,City Hall,40.7177325,-74.04384499999998,203
499,10,Columbus Dr at Exchange Pl,40.71687,-74.03281,138
500,10,Columbus Drive,40.71835519823214,-74.03891444206238,121
501,10,Communipaw & Berry Lane,40.71435836870427,-74.06661093235016,50
502,10,Dey St,40.737711,-74.066921,13
503,10,Dixon Mills,40.72163014263835,-74.04996782541275,96
504,10,Essex Light Rail,40.71277420000001,-74.03648570000001,73
505,10,Fairmount Ave,40.72572613742557,-74.07195925712584,44
506,10,Glenwood Ave,40.72755146730012,-74.07106071710588,28
507,10,Grand St,40.71517767732029,-74.03768330812454,86
508,10,Grove St PATH,40.71958611647166,-74.0431174635887,221
509,10,Hamilton Park,40.727595965999996,-74.044247311,353
510,10,Harborside,40.71925170000001,-74.034234,217
511,10,Heights Elevator,40.748715945380226,-74.04044330120088,47
512,10,Hilltop,40.7311689,-74.0575736,73
513,10,Hoboken Ave at Monmouth St,40.73520838045357,-74.04696375131606,58
514,10,JC Medical Center,40.71653978099194,-74.0496379137039,155
515,10,JCBS Depot,40.70965083364061,-74.0686011314392,1
516,10,Jackson Square,40.71113,-74.0789,36
517,10,Jersey & 3rd,40.723331586464354,-74.04595255851744,137
518,10,Jersey & 6th St,40.72528910781132,-74.04557168483734,115
519,10,Journal Square,40.73367,-74.0625,53
520,10,Lafayette Park,40.71346382669195,-74.06285852193831,69
521,10,Leonard Gordon Park,40.74590996631558,-74.05727148056029,26
522,10,Liberty Light Rail,40.7112423,-74.0557013,335
523,10,Lincoln Park,40.7246050998869,-74.07840594649316,133
524,10,Manila & 1st,40.72165072487999,-74.04288411140442,101
525,10,Marin Light Rail,40.71458403535893,-74.04281705617905,240
526,10,McGinley Square,40.7253399253558,-74.06762212514876,80
527,10,Monmouth and 6th,40.72568548362901,-74.0487903356552,85
528,10,Montgomery St,40.71942,-74.05099,84
529,10,Morris Canal,40.7124188237569,-74.03852552175522,149
530,10,Newark Ave,40.72152515,-74.046304543,118
531,10,Newport PATH,40.7272235,-74.03375890000002,111
532,10,Newport Pkwy,40.7287448,-74.03210820000002,365
533,10,Oakland Ave,40.7376037,-74.05247829999998,29
534,10,Paulus Hook,40.7141454,-74.0335519,77
535,10,Pershing Field,40.742677141,-74.051788633,70
536,10,Riverview Park,40.7443187,-74.04399090000003,33
537,10,Sip Ave,40.73089709786179,-74.06391263008119,165
538,10,Union St,40.71821129999999,-74.08363940000002,55
539,10,Van Vorst Park,40.71848892,-74.047726625,133
540,10,Warren St,40.72112360000001,-74.03805095,172
541,10,Washington St,40.7242941,-74.0354826,149
542,10,York St,40.71649,-74.04105,62
543,11,5 Corners Library,40.73496102000952,-74.05950307846071,17
544,11,Astor Place,40.71928220070703,-74.07126188278198,80
545,11,Baldwin at Montgomery,40.7236589,-74.0641943,125
546,11,Bergen Ave,40.72210378668603,-74.07145500183104,109
547,11,Brunswick & 6th,40.726011729646245,-74.0503889322281,117
548,11,Brunswick St,40.7241765,-74.05065640000002,121
549,11,Christ Hospital,40.734785818,-74.050443636,32
550,11,City Hall,40.7177325,-74.04384499999998,233
551,11,Columbus Dr at Exchange Pl,40.71687,-74.03281,145
552,11,Columbus Drive,40.71835519823214,-74.03891444206238,161
553,11,Communipaw & Berry Lane,40.71435836870427,-74.06661093235016,47
554,11,Dey St,40.737711,-74.066921,32
555,11,Dixon Mills,40.72163014263835,-74.04996782541275,111
556,11,Essex Light Rail,40.71277420000001,-74.03648570000001,94
557,11,Fairmount Ave,40.72572613742557,-74.07195925712584,83
558,11,Glenwood Ave,40.72755146730012,-74.07106071710588,28
559,11,Grand St,40.71517767732029,-74.03768330812454,108
560,11,Grove St PATH,40.71958611647166,-74.0431174635887,302
561,11,Hamilton Park,40.727595965999996,-74.044247311,350
562,11,Harborside,40.71925170000001,-74.034234,329
563,11,Heights Elevator,40.748715945380226,-74.04044330120088,64
564,11,Hilltop,40.7311689,-74.0575736,59
565,11,Hoboken Ave at Monmouth St,40.73520838045357,-74.04696375131606,96
566,11,JC Medical Center,40.71653978099194,-74.0496379137039,180
567,11,Jackson Square,40.71113,-74.0789,32
568,11,Jersey & 3rd,40.723331586464354,-74.04595255851744,156
569,11,Jersey & 6th St,40.72528910781132,-74.04557168483734,115
570,11,Journal Square,40.73367,-74.0625,59
571,11,Lafayette Park,40.71346382669195,-74.06285852193831,62
572,11,Leonard Gordon Park,40.74590996631558,-74.05727148056029,20
573,11,Liberty Light Rail,40.7112423,-74.0557013,462
574,11,Lincoln Park,40.7246050998869,-74.07840594649316,118
575,11,Manila & 1st,40.72165072487999,-74.04288411140442,104
576,11,Marin Light Rail,40.71458403535893,-74.04281705617905,285
577,11,McGinley Square,40.7253399253558,-74.06762212514876,127
578,11,Monmouth and 6th,40.72568548362901,-74.0487903356552,77
579,11,Montgomery St,40.71942,-74.05099,86
580,11,Morris Canal,40.7124188237569,-74.03852552175522,184
581,11,Newark Ave,40.72152515,-74.046304543,130
582,11,Newport PATH,40.7272235,-74.03375890000002,229
583,11,Newport Pkwy,40.7287448,-74.03210820000002,356
584,11,Oakland Ave,40.7376037,-74.05247829999998,57
585,11,Paulus Hook,40.7141454,-74.0335519,126
586,11,Pershing Field,40.742677141,-74.051788633,76
587,11,Riverview Park,40.7443187,-74.04399090000003,39
588,11,Sip Ave,40.73089709786179,-74.06391263008119,182
589,11,Union St,40.71821129999999,-74.08363940000002,80
590,11,Van Vorst Park,40.71848892,-74.047726625,206
591,11,Warren St,40.72112360000001,-74.03805095,221
592,11,Washington St,40.7242941,-74.0354826,171
593,11,York St,40.71649,-74.04105,64
594,12,5 Corners Library,40.73496102000952,-74.05950307846071,37
595,12,Astor Place,40.71928220070703,-74.07126188278198,94
596,12,Baldwin at Montgomery,40.7236589,-74.0641943,118
597,12,Bergen Ave,40.72210378668603,-74.07145500183104,120
598,12,Brunswick & 6th,40.726011729646245,-74.0503889322281,125
599,12,Brunswick St,40.7241765,-74.05065640000002,115
600,12,Christ Hospital,40.734785818,-74.050443636,44
601,12,City Hall,40.7177325,-74.04384499999998,285
602,12,Columbus Dr at Exchange Pl,40.71687,-74.03281,296
603,12,Columbus Drive,40.71835519823214,-74.03891444206238,202
604,12,Communipaw & Berry Lane,40.71435836870427,-74.06661093235016,56
605,12,Dey St,40.737711,-74.066921,29
606,12,Dixon Mills,40.72163014263835,-74.04996782541275,119
607,12,Essex Light Rail,40.71277420000001,-74.03648570000001,91
608,12,Fairmount Ave,40.72572613742557,-74.07195925712584,46
609,12,Glenwood Ave,40.72755146730012,-74.07106071710588,42
610,12,Grand St,40.71517767732029,-74.03768330812454,178
611,12,Grove St PATH,40.71958611647166,-74.0431174635887,380
612,12,Hamilton Park,40.727595965999996,-74.044247311,322
613,12,Harborside,40.71925170000001,-74.034234,403
614,12,Heights Elevator,40.748715945380226,-74.04044330120088,77
615,12,Hilltop,40.7311689,-74.0575736,71
616,12,Hoboken Ave at Monmouth St,40.73520838045357,-74.04696375131606,115
617,12,JC Medical Center,40.71653978099194,-74.0496379137039,216
618,12,Jackson Square,40.71113,-74.0789,62
619,12,Jersey & 3rd,40.723331586464354,-74.04595255851744,169
620,12,Jersey & 6th St,40.72528910781132,-74.04557168483734,110
621,12,Journal Square,40.73367,-74.0625,72
622,12,Lafayette Park,40.71346382669195,-74.06285852193831,92
623,12,Leonard Gordon Park,40.74590996631558,-74.05727148056029,23
624,12,Liberty Light Rail,40.7112423,-74.0557013,475
625,12,Lincoln Park,40.7246050998869,-74.07840594649316,144
626,12,Manila & 1st,40.72165072487999,-74.04288411140442,120
627,12,Marin Light Rail,40.71458403535893,-74.04281705617905,388
628,12,McGinley Square,40.7253399253558,-74.06762212514876,143
629,12,Monmouth and 6th,40.72568548362901,-74.0487903356552,89
630,12,Montgomery St,40.71942,-74.05099,118
631,12,Morris Canal,40.7124188237569,-74.03852552175522,205
632,12,Newark Ave,40.72152515,-74.046304543,220
633,12,Newport PATH,40.7272235,-74.03375890000002,316
634,12,Newport Pkwy,40.7287448,-74.03210820000002,480
635,12,Oakland Ave,40.7376037,-74.05247829999998,48
636,12,Paulus Hook,40.7141454,-74.0335519,198
637,12,Pershing Field,40.742677141,-74.051788633,63
638,12,Riverview Park,40.7443187,-74.04399090000003,57
639,12,Sip Ave,40.73089709786179,-74.06391263008119,248
640,12,Union St,40.71821129999999,-74.08363940000002,72
641,12,Van Vorst Park,40.71848892,-74.047726625,223
642,12,Warren St,40.72112360000001,-74.03805095,243
643,12,Washington St,40.7242941,-74.0354826,241
644,12,York St,40.71649,-74.04105,86
645,13,5 Corners Library,40.73496102000952,-74.05950307846071,44
646,13,Astor Place,40.71928220070703,-74.07126188278198,103
647,13,Baldwin at Montgomery,40.7236589,-74.0641943,108
648,13,Bergen Ave,40.72210378668603,-74.07145500183104,105
649,13,Brunswick & 6th,40.726011729646245,-74.0503889322281,135
650,13,Brunswick St,40.7241765,-74.05065640000002,145
651,13,Christ Hospital,40.734785818,-74.050443636,28
652,13,City Hall,40.7177325,-74.04384499999998,273
653,13,Columbus Dr at Exchange Pl,40.71687,-74.03281,288
654,13,Columbus Drive,40.71835519823214,-74.03891444206238,207
655,13,Communipaw & Berry Lane,40.71435836870427,-74.06661093235016,65
656,13,Dey St,40.737711,-74.066921,53
657,13,Dixon Mills,40.72163014263835,-74.04996782541275,108
658,13,Essex Light Rail,40.71277420000001,-74.03648570000001,130
659,13,Fairmount Ave,40.72572613742557,-74.07195925712584,64
660,13,Glenwood Ave,40.72755146730012,-74.07106071710588,41
661,13,Grand St,40.71517767732029,-74.03768330812454,194
662,13,Grove St PATH,40.71958611647166,-74.0431174635887,434
663,13,Hamilton Park,40.727595965999996,-74.044247311,389
664,13,Harborside,40.71925170000001,-74.034234,362
665,13,Heights Elevator,40.748715945380226,-74.04044330120088,101
666,13,Hilltop,40.7311689,-74.0575736,106
667,13,Hoboken Ave at Monmouth St,40.73520838045357,-74.04696375131606,149
668,13,JC Medical Center,40.71653978099194,-74.0496379137039,272
669,13,Jackson Square,40.71113,-74.0789,121
670,13,Jersey & 3rd,40.723331586464354,-74.04595255851744,186
671,13,Jersey & 6th St,40.72528910781132,-74.04557168483734,115
672,13,Journal Square,40.73367,-74.0625,58
673,13,Lafayette Park,40.71346382669195,-74.06285852193831,90
674,13,Leonard Gordon Park,40.74590996631558,-74.05727148056029,28
675,13,Liberty Light Rail,40.7112423,-74.0557013,593
676,13,Lincoln Park,40.7246050998869,-74.07840594649316,134
677,13,Manila & 1st,40.72165072487999,-74.04288411140442,151
678,13,Marin Light Rail,40.71458403535893,-74.04281705617905,377
679,13,McGinley Square,40.7253399253558,-74.06762212514876,163
680,13,Monmouth and 6th,40.72568548362901,-74.0487903356552,82
681,13,Montgomery St,40.71942,-74.05099,143
682,13,Morris Canal,40.7124188237569,-74.03852552175522,223
683,13,Newark Ave,40.72152515,-74.046304543,280
684,13,Newport PATH,40.7272235,-74.03375890000002,348
685,13,Newport Pkwy,40.7287448,-74.03210820000002,490
686,13,Oakland Ave,40.7376037,-74.05247829999998,42
687,13,Paulus Hook,40.7141454,-74.0335519,179
688,13,Pershing Field,40.742677141,-74.051788633,74
689,13,Riverview Park,40.7443187,-74.04399090000003,62
690,13,Sip Ave,40.73089709786179,-74.06391263008119,381
691,13,Union St,40.71821129999999,-74.08363940000002,58
692,13,Van Vorst Park,40.71848892,-74.047726625,314
693,13,Warren St,40.72112360000001,-74.03805095,246
694,13,Washington St,40.7242941,-74.0354826,210
695,13,York St,40.71649,-74.04105,89
696,14,5 Corners Library,40.73496102000952,-74.05950307846071,48
697,14,Astor Place,40.71928220070703,-74.07126188278198,109
698,14,Baldwin at Montgomery,40.7236589,-74.0641943,125
699,14,Bergen Ave,40.72210378668603,-74.07145500183104,95
700,14,Brunswick & 6th,40.726011729646245,-74.0503889322281,130
701,14,Brunswick St,40.7241765,-74.05065640000002,126
702,14,Christ Hospital,40.734785818,-74.050443636,59
703,14,City Hall,40.7177325,-74.04384499999998,304
704,14,Columbus Dr at Exchange Pl,40.71687,-74.03281,340
705,14,Columbus Drive,40.71835519823214,-74.03891444206238,181
706,14,Communipaw & Berry Lane,40.71435836870427,-74.06661093235016,85
707,14,Dey St,40.737711,-74.066921,44
708,14,Dixon Mills,40.72163014263835,-74.04996782541275,104
709,14,Essex Light Rail,40.71277420000001,-74.03648570000001,102
710,14,Fairmount Ave,40.72572613742557,-74.07195925712584,56
711,14,Glenwood Ave,40.72755146730012,-74.07106071710588,59
712,14,Grand St,40.71517767732029,-74.03768330812454,163
713,14,Grove St PATH,40.71958611647166,-74.0431174635887,501
714,14,Hamilton Park,40.727595965999996,-74.044247311,396
715,14,Harborside,40.71925170000001,-74.034234,377
716,14,Heights Elevator,40.748715945380226,-74.04044330120088,103
717,14,Hilltop,40.7311689,-74.0575736,90
718,14,Hoboken Ave at Monmouth St,40.73520838045357,-74.04696375131606,128
719,14,JC Medical Center,40.71653978099194,-74.0496379137039,308
720,14,Jackson Square,40.71113,-74.0789,49
721,14,Jersey & 3rd,40.723331586464354,-74.04595255851744,185
722,14,Jersey & 6th St,40.72528910781132,-74.04557168483734,102
723,14,Journal Square,40.73367,-74.0625,62
724,14,Lafayette Park,40.71346382669195,-74.06285852193831,109
725,14,Leonard Gordon Park,40.74590996631558,-74.05727148056029,39
726,14,Liberty Light Rail,40.7112423,-74.0557013,726
727,14,Lincoln Park,40.7246050998869,-74.07840594649316,185
728,14,Manila & 1st,40.72165072487999,-74.04288411140442,187
729,14,Marin Light Rail,40.71458403535893,-74.04281705617905,395
730,14,McGinley Square,40.7253399253558,-74.06762212514876,166
731,14,Monmouth and 6th,40.72568548362901,-74.0487903356552,99
732,14,Montgomery St,40.71942,-74.05099,126
733,14,Morris Canal,40.7124188237569,-74.03852552175522,250
734,14,Newark Ave,40.72152515,-74.046304543,214
735,14,Newport PATH,40.7272235,-74.03375890000002,371
736,14,Newport Pkwy,40.7287448,-74.03210820000002,542
737,14,Oakland Ave,40.7376037,-74.05247829999998,44
738,14,Paulus Hook,40.7141454,-74.0335519,215
739,14,Pershing Field,40.742677141,-74.051788633,77
740,14,Riverview Park,40.7443187,-74.04399090000003,77
741,14,Sip Ave,40.73089709786179,-74.06391263008119,416
742,14,Union St,40.71821129999999,-74.08363940000002,81
743,14,Van Vorst Park,40.71848892,-74.047726625,216
744,14,Warren St,40.72112360000001,-74.03805095,246
745,14,Washington St,40.7242941,-74.0354826,216
746,14,York St,40.71649,-74.04105,72
747,15,5 Corners Library,40.73496102000952,-74.05950307846071,40
748,15,Astor Place,40.71928220070703,-74.07126188278198,122
749,15,Baldwin at Montgomery,40.7236589,-74.0641943,135
750,15,Bergen Ave,40.72210378668603,-74.07145500183104,78
751,15,Brunswick & 6th,40.726011729646245,-74.0503889322281,143
752,15,Brunswick St,40.7241765,-74.05065640000002,116
753,15,Christ Hospital,40.734785818,-74.050443636,42
754,15,City Hall,40.7177325,-74.04384499999998,266
755,15,Columbus Dr at Exchange Pl,40.71687,-74.03281,342
756,15,Columbus Drive,40.71835519823214,-74.03891444206238,263
757,15,Communipaw & Berry Lane,40.71435836870427,-74.06661093235016,85
758,15,Dey St,40.737711,-74.066921,69
759,15,Dixon Mills,40.72163014263835,-74.04996782541275,110
760,15,Essex Light Rail,40.71277420000001,-74.03648570000001,126
761,15,Fairmount Ave,40.72572613742557,-74.07195925712584,79
762,15,Glenwood Ave,40.72755146730012,-74.07106071710588,39
763,15,Grand St,40.71517767732029,-74.03768330812454,190
764,15,Grove St PATH,40.71958611647166,-74.0431174635887,650
765,15,Hamilton Park,40.727595965999996,-74.044247311,433
766,15,Harborside,40.71925170000001,-74.034234,395
767,15,Heights Elevator,40.748715945380226,-74.04044330120088,162
768,15,Hilltop,40.7311689,-74.0575736,97
769,15,Hoboken Ave at Monmouth St,40.73520838045357,-74.04696375131606,258
770,15,JC Medical Center,40.71653978099194,-74.0496379137039,355
771,15,Jackson Square,40.71113,-74.0789,48
772,15,Jersey & 3rd,40.723331586464354,-74.04595255851744,153
773,15,Jersey & 6th St,40.72528910781132,-74.04557168483734,110
774,15,Journal Square,40.73367,-74.0625,74
775,15,Lafayette Park,40.71346382669195,-74.06285852193831,111
776,15,Leonard Gordon Park,40.74590996631558,-74.05727148056029,34
777,15,Liberty Light Rail,40.7112423,-74.0557013,806
778,15,Lincoln Park,40.7246050998869,-74.07840594649316,181
779,15,Manila & 1st,40.72165072487999,-74.04288411140442,158
780,15,Marin Light Rail,40.71458403535893,-74.04281705617905,407
781,15,McGinley Square,40.7253399253558,-74.06762212514876,190
782,15,Monmouth and 6th,40.72568548362901,-74.0487903356552,106
783,15,Montgomery St,40.71942,-74.05099,142
784,15,Morris Canal,40.7124188237569,-74.03852552175522,255
785,15,Newark Ave,40.72152515,-74.046304543,230
786,15,Newport PATH,40.7272235,-74.03375890000002,377
787,15,Newport Pkwy,40.7287448,-74.03210820000002,621
788,15,Oakland Ave,40.7376037,-74.05247829999998,56
789,15,Paulus Hook,40.7141454,-74.0335519,256
790,15,Pershing Field,40.742677141,-74.051788633,94
791,15,Riverview Park,40.7443187,-74.04399090000003,82
792,15,Sip Ave,40.73089709786179,-74.06391263008119,461
793,15,Union St,40.71821129999999,-74.08363940000002,45
794,15,Van Vorst Park,40.71848892,-74.047726625,203
795,15,Warren St,40.72112360000001,-74.03805095,267
796,15,Washington St,40.7242941,-74.0354826,206
797,15,York St,40.71649,-74.04105,109
798,16,5 Corners Library,40.73496102000952,-74.05950307846071,47
799,16,Astor Place,40.71928220070703,-74.07126188278198,95
800,16,Baldwin at Montgomery,40.7236589,-74.0641943,123
801,16,Bergen Ave,40.72210378668603,-74.07145500183104,98
802,16,Brunswick & 6th,40.726011729646245,-74.0503889322281,143
803,16,Brunswick St,40.7241765,-74.05065640000002,120
804,16,Christ Hospital,40.734785818,-74.050443636,48
805,16,City Hall,40.7177325,-74.04384499999998,351
806,16,Columbus Dr at Exchange Pl,40.71687,-74.03281,467
807,16,Columbus Drive,40.71835519823214,-74.03891444206238,228
808,16,Communipaw & Berry Lane,40.71435836870427,-74.06661093235016,83
809,16,Dey St,40.737711,-74.066921,79
810,16,Dixon Mills,40.72163014263835,-74.04996782541275,89
811,16,Essex Light Rail,40.71277420000001,-74.03648570000001,136
812,16,Fairmount Ave,40.72572613742557,-74.07195925712584,81
813,16,Glenwood Ave,40.72755146730012,-74.07106071710588,60
814,16,Grand St,40.71517767732029,-74.03768330812454,180
815,16,Grove St PATH,40.71958611647166,-74.0431174635887,912
816,16,Hamilton Park,40.727595965999996,-74.044247311,467
817,16,Harborside,40.71925170000001,-74.034234,441
818,16,Heights Elevator,40.748715945380226,-74.04044330120088,126
819,16,Hilltop,40.7311689,-74.0575736,110
820,16,Hoboken Ave at Monmouth St,40.73520838045357,-74.04696375131606,187
821,16,JC Medical Center,40.71653978099194,-74.0496379137039,390
822,16,Jackson Square,40.71113,-74.0789,46
823,16,Jersey & 3rd,40.723331586464354,-74.04595255851744,229
824,16,Jersey & 6th St,40.72528910781132,-74.04557168483734,143
825,16,Journal Square,40.73367,-74.0625,85
826,16,Lafayette Park,40.71346382669195,-74.06285852193831,95
827,16,Leonard Gordon Park,40.74590996631558,-74.05727148056029,26
828,16,Liberty Light Rail,40.7112423,-74.0557013,848
829,16,Lincoln Park,40.7246050998869,-74.07840594649316,201
830,16,Manila & 1st,40.72165072487999,-74.04288411140442,178
831,16,Marin Light Rail,40.71458403535893,-74.04281705617905,486
832,16,McGinley Square,40.7253399253558,-74.06762212514876,197
833,16,Monmouth and 6th,40.72568548362901,-74.0487903356552,143
834,16,Montgomery St,40.71942,-74.05099,160
835,16,Morris Canal,40.7124188237569,-74.03852552175522,267
836,16,Newark Ave,40.72152515,-74.046304543,278
837,16,Newport PATH,40.7272235,-74.03375890000002,450
838,16,Newport Pkwy,40.7287448,-74.03210820000002,659
839,16,Oakland Ave,40.7376037,-74.05247829999998,59
840,16,Paulus Hook,40.7141454,-74.0335519,450
841,16,Pershing Field,40.742677141,-74.051788633,88
842,16,Riverview Park,40.7443187,-74.04399090000003,89
843,16,Sip Ave,40.73089709786179,-74.06391263008119,523
844,16,Union St,40.71821129999999,-74.08363940000002,57
845,16,Van Vorst Park,40.71848892,-74.047726625,217
846,16,Warren St,40.72112360000001,-74.03805095,286
847,16,Washington St,40.7242941,-74.0354826,286
848,16,York St,40.71649,-74.04105,108
849,17,5 Corners Library,40.73496102000952,-74.05950307846071,56
850,17,Astor Place,40.71928220070703,-74.07126188278198,85
851,17,Baldwin at Montgomery,40.7236589,-74.0641943,205
852,17,Bergen Ave,40.72210378668603,-74.07145500183104,99
853,17,Brunswick & 6th,40.726011729646245,-74.0503889322281,159
854,17,Brunswick St,40.7241765,-74.05065640000002,179
855,17,Christ Hospital,40.734785818,-74.050443636,59
856,17,City Hall,40.7177325,-74.04384499999998,426
857,17,Columbus Dr at Exchange Pl,40.71687,-74.03281,782
858,17,Columbus Drive,40.71835519823214,-74.03891444206238,361
859,17,Communipaw & Berry Lane,40.71435836870427,-74.06661093235016,78
860,17,Dey St,40.737711,-74.066921,98
861,17,Dixon Mills,40.72163014263835,-74.04996782541275,146
862,17,Essex Light Rail,40.71277420000001,-74.03648570000001,204
863,17,Fairmount Ave,40.72572613742557,-74.07195925712584,82
864,17,Glenwood Ave,40.72755146730012,-74.07106071710588,76
865,17,Grand St,40.71517767732029,-74.03768330812454,212
866,17,Grove St PATH,40.71958611647166,-74.0431174635887,1379
867,17,Hamilton Park,40.727595965999996,-74.044247311,572
868,17,Harborside,40.71925170000001,-74.034234,719
869,17,Heights Elevator,40.748715945380226,-74.04044330120088,126
870,17,Hilltop,40.7311689,-74.0575736,162
871,17,Hoboken Ave at Monmouth St,40.73520838045357,-74.04696375131606,234
872,17,JC Medical Center,40.71653978099194,-74.0496379137039,439
873,17,Jackson Square,40.71113,-74.0789,41
874,17,Jersey & 3rd,40.723331586464354,-74.04595255851744,304
875,17,Jersey & 6th St,40.72528910781132,-74.04557168483734,189
876,17,Journal Square,40.73367,-74.0625,161
877,17,Lafayette Park,40.71346382669195,-74.06285852193831,109
878,17,Leonard Gordon Park,40.74590996631558,-74.05727148056029,41
879,17,Liberty Light Rail,40.7112423,-74.0557013,927
880,17,Lincoln Park,40.7246050998869,-74.07840594649316,235
881,17,Manila & 1st,40.72165072487999,-74.04288411140442,233
882,17,Marin Light Rail,40.71458403535893,-74.04281705617905,555
883,17,McGinley Square,40.7253399253558,-74.06762212514876,174
884,17,Monmouth and 6th,40.72568548362901,-74.0487903356552,136
885,17,Montgomery St,40.71942,-74.05099,254
886,17,Morris Canal,40.7124188237569,-74.03852552175522,337
887,17,Newark Ave,40.72152515,-74.046304543,318
888,17,Newport PATH,40.7272235,-74.03375890000002,680
889,17,Newport Pkwy,40.7287448,-74.03210820000002,869
890,17,Oakland Ave,40.7376037,-74.05247829999998,62
891,17,Paulus Hook,40.7141454,-74.0335519,501
892,17,Pershing Field,40.742677141,-74.051788633,121
893,17,Riverview Park,40.7443187,-74.04399090000003,69
894,17,Sip Ave,40.73089709786179,-74.06391263008119,680
895,17,Union St,40.71821129999999,-74.08363940000002,67
896,17,Van Vorst Park,40.71848892,-74.047726625,275
897,17,Warren St,40.72112360000001,-74.03805095,409
898,17,Washington St,40.7242941,-74.0354826,414
899,17,York St,40.71649,-74.04105,169
900,18,5 Corners Library,40.73496102000952,-74.05950307846071,87
901,18,Astor Place,40.71928220070703,-74.07126188278198,103
902,18,Baldwin at Montgomery,40.7236589,-74.0641943,169
903,18,Bergen Ave,40.72210378668603,-74.07145500183104,195
904,18,Brunswick & 6th,40.726011729646245,-74.0503889322281,171
905,18,Brunswick St,40.7241765,-74.05065640000002,172
906,18,Christ Hospital,40.734785818,-74.050443636,52
907,18,City Hall,40.7177325,-74.04384499999998,493
908,18,Columbus Dr at Exchange Pl,40.71687,-74.03281,735
909,18,Columbus Drive,40.71835519823214,-74.03891444206238,416
910,18,Communipaw & Berry Lane,40.71435836870427,-74.06661093235016,87
911,18,Dey St,40.737711,-74.066921,74
912,18,Dixon Mills,40.72163014263835,-74.04996782541275,161
913,18,Essex Light Rail,40.71277420000001,-74.03648570000001,251
914,18,Fairmount Ave,40.72572613742557,-74.07195925712584,88
915,18,Glenwood Ave,40.72755146730012,-74.07106071710588,80
916,18,Grand St,40.71517767732029,-74.03768330812454,211
917,18,Grove St PATH,40.71958611647166,-74.0431174635887,1275
918,18,Hamilton Park,40.727595965999996,-74.044247311,619
919,18,Harborside,40.71925170000001,-74.034234,687
920,18,Heights Elevator,40.748715945380226,-74.04044330120088,165
921,18,Hilltop,40.7311689,-74.0575736,177
922,18,Hoboken Ave at Monmouth St,40.73520838045357,-74.04696375131606,183
923,18,JC Medical Center,40.71653978099194,-74.0496379137039,533
924,18,Jackson Square,40.71113,-74.0789,29
925,18,Jersey & 3rd,40.723331586464354,-74.04595255851744,321
926,18,Jersey & 6th St,40.72528910781132,-74.04557168483734,163
927,18,Journal Square,40.73367,-74.0625,168
928,18,Lafayette Park,40.71346382669195,-74.06285852193831,132
929,18,Leonard Gordon Park,40.74590996631558,-74.05727148056029,74
930,18,Liberty Light Rail,40.7112423,-74.0557013,1020
931,18,Lincoln Park,40.7246050998869,-74.07840594649316,335
932,18,Manila & 1st,40.72165072487999,-74.04288411140442,418
933,18,Marin Light Rail,40.71458403535893,-74.04281705617905,648
934,18,McGinley Square,40.7253399253558,-74.06762212514876,177
935,18,Monmouth and 6th,40.72568548362901,-74.0487903356552,144
936,18,Montgomery St,40.71942,-74.05099,223
937,18,Morris Canal,40.7124188237569,-74.03852552175522,382
938,18,Newark Ave,40.72152515,-74.046304543,428
939,18,Newport PATH,40.7272235,-74.03375890000002,702
940,18,Newport Pkwy,40.7287448,-74.03210820000002,1016
941,18,Oakland Ave,40.7376037,-74.05247829999998,89
942,18,Paulus Hook,40.7141454,-74.0335519,440
943,18,Pershing Field,40.742677141,-74.051788633,141
944,18,Riverview Park,40.7443187,-74.04399090000003,75
945,18,Sip Ave,40.73089709786179,-74.06391263008119,690
946,18,Union St,40.71821129999999,-74.08363940000002,43
947,18,Van Vorst Park,40.71848892,-74.047726625,326
948,18,Warren St,40.72112360000001,-74.03805095,458
949,18,Washington St,40.7242941,-74.0354826,482
950,18,York St,40.71649,-74.04105,177
951,19,5 Corners Library,40.73496102000952,-74.05950307846071,94
952,19,Astor Place,40.71928220070703,-74.07126188278198,79
953,19,Baldwin at Montgomery,40.7236589,-74.0641943,144
954,19,Bergen Ave,40.72210378668603,-74.07145500183104,53
955,19,Brunswick & 6th,40.726011729646245,-74.0503889322281,136
956,19,Brunswick St,40.7241765,-74.05065640000002,144
957,19,Christ Hospital,40.734785818,-74.050443636,58
958,19,City Hall,40.7177325,-74.04384499999998,468
959,19,Columbus Dr at Exchange Pl,40.71687,-74.03281,509
960,19,Columbus Drive,40.71835519823214,-74.03891444206238,320
961,19,Communipaw & Berry Lane,40.71435836870427,-74.06661093235016,61
962,19,Dey St,40.737711,-74.066921,60
963,19,Dixon Mills,40.72163014263835,-74.04996782541275,133
964,19,Essex Light Rail,40.71277420000001,-74.03648570000001,137
965,19,Fairmount Ave,40.72572613742557,-74.07195925712584,62
966,19,Glenwood Ave,40.72755146730012,-74.07106071710588,49
967,19,Grand St,40.71517767732029,-74.03768330812454,163
968,19,Grove St PATH,40.71958611647166,-74.0431174635887,935
969,19,Hamilton Park,40.727595965999996,-74.044247311,536
970,19,Harborside,40.71925170000001,-74.034234,496
971,19,Heights Elevator,40.748715945380226,-74.04044330120088,124
972,19,Hilltop,40.7311689,-74.0575736,134
973,19,Hoboken Ave at Monmouth St,40.73520838045357,-74.04696375131606,130
974,19,JC Medical Center,40.71653978099194,-74.0496379137039,544
975,19,Jackson Square,40.71113,-74.0789,30
976,19,Jersey & 3rd,40.723331586464354,-74.04595255851744,253
977,19,Jersey & 6th St,40.72528910781132,-74.04557168483734,137
978,19,Journal Square,40.73367,-74.0625,126
979,19,Lafayette Park,40.71346382669195,-74.06285852193831,98
980,19,Leonard Gordon Park,40.74590996631558,-74.05727148056029,44
981,19,Liberty Light Rail,40.7112423,-74.0557013,871
982,19,Lincoln Park,40.7246050998869,-74.07840594649316,252
983,19,Manila & 1st,40.72165072487999,-74.04288411140442,253
984,19,Marin Light Rail,40.71458403535893,-74.04281705617905,477
985,19,McGinley Square,40.7253399253558,-74.06762212514876,193
986,19,Monmouth and 6th,40.72568548362901,-74.0487903356552,117
987,19,Montgomery St,40.71942,-74.05099,125
988,19,Morris Canal,40.7124188237569,-74.03852552175522,344
989,19,Newark Ave,40.72152515,-74.046304543,381
990,19,Newport PATH,40.7272235,-74.03375890000002,542
991,19,Newport Pkwy,40.7287448,-74.03210820000002,1015
992,19,Oakland Ave,40.7376037,-74.05247829999998,55
993,19,Paulus Hook,40.7141454,-74.0335519,452
994,19,Pershing Field,40.742677141,-74.051788633,108
995,19,Riverview Park,40.7443187,-74.04399090000003,54
996,19,Sip Ave,40.73089709786179,-74.06391263008119,378
997,19,Union St,40.71821129999999,-74.08363940000002,55
998,19,Van Vorst Park,40.71848892,-74.047726625,273
999,19,Warren St,40.72112360000001,-74.03805095,338
1000,19,Washington St,40.7242941,-74.0354826,363
1001,19,York St,40.71649,-74.04105,139
1002,20,5 Corners Library,40.73496102000952,-74.05950307846071,48
1003,20,Astor Place,40.71928220070703,-74.07126188278198,58
1004,20,Baldwin at Montgomery,40.7236589,-74.0641943,98
1005,20,Bergen Ave,40.72210378668603,-74.07145500183104,77
1006,20,Brunswick & 6th,40.726011729646245,-74.0503889322281,88
1007,20,Brunswick St,40.7241765,-74.05065640000002,56
1008,20,Christ Hospital,40.734785818,-74.050443636,15
1009,20,City Hall,40.7177325,-74.04384499999998,285
1010,20,Columbus Dr at Exchange Pl,40.71687,-74.03281,472
1011,20,Columbus Drive,40.71835519823214,-74.03891444206238,147
1012,20,Communipaw & Berry Lane,40.71435836870427,-74.06661093235016,77
1013,20,Dey St,40.737711,-74.066921,25
1014,20,Dixon Mills,40.72163014263835,-74.04996782541275,112
1015,20,Essex Light Rail,40.71277420000001,-74.03648570000001,100
1016,20,Fairmount Ave,40.72572613742557,-74.07195925712584,39
1017,20,Glenwood Ave,40.72755146730012,-74.07106071710588,40
1018,20,Grand St,40.71517767732029,-74.03768330812454,122
1019,20,Grove St PATH,40.71958611647166,-74.0431174635887,628
1020,20,Hamilton Park,40.727595965999996,-74.044247311,308
1021,20,Harborside,40.71925170000001,-74.034234,383
1022,20,Heights Elevator,40.748715945380226,-74.04044330120088,109
1023,20,Hilltop,40.7311689,-74.0575736,65
1024,20,Hoboken Ave at Monmouth St,40.73520838045357,-74.04696375131606,107
1025,20,JC Medical Center,40.71653978099194,-74.0496379137039,272
1026,20,Jackson Square,40.71113,-74.0789,27
1027,20,Jersey & 3rd,40.723331586464354,-74.04595255851744,149
1028,20,Jersey & 6th St,40.72528910781132,-74.04557168483734,89
1029,20,Journal Square,40.73367,-74.0625,76
1030,20,Lafayette Park,40.71346382669195,-74.06285852193831,51
1031,20,Leonard Gordon Park,40.74590996631558,-74.05727148056029,30
1032,20,Liberty Light Rail,40.7112423,-74.0557013,421
1033,20,Lincoln Park,40.7246050998869,-74.07840594649316,178
1034,20,Manila & 1st,40.72165072487999,-74.04288411140442,153
1035,20,Marin Light Rail,40.71458403535893,-74.04281705617905,345
1036,20,McGinley Square,40.7253399253558,-74.06762212514876,95
1037,20,Monmouth and 6th,40.72568548362901,-74.0487903356552,79
1038,20,Montgomery St,40.71942,-74.05099,93
1039,20,Morris Canal,40.7124188237569,-74.03852552175522,254
1040,20,Newark Ave,40.72152515,-74.046304543,247
1041,20,Newport PATH,40.7272235,-74.03375890000002,312
1042,20,Newport Pkwy,40.7287448,-74.03210820000002,607
1043,20,Oakland Ave,40.7376037,-74.05247829999998,29
1044,20,Paulus Hook,40.7141454,-74.0335519,289
1045,20,Pershing Field,40.742677141,-74.051788633,108
1046,20,Riverview Park,40.7443187,-74.04399090000003,50
1047,20,Sip Ave,40.73089709786179,-74.06391263008119,334
1048,20,Union St,40.71821129999999,-74.08363940000002,25
1049,20,Van Vorst Park,40.71848892,-74.047726625,173
1050,20,Warren St,40.72112360000001,-74.03805095,226
1051,20,Washington St,40.7242941,-74.0354826,278
1052,20,York St,40.71649,-74.04105,71
1053,21,5 Corners Library,40.73496102000952,-74.05950307846071,50
1054,21,Astor Place,40.71928220070703,-74.07126188278198,35
1055,21,Baldwin at Montgomery,40.7236589,-74.0641943,41
1056,21,Bergen Ave,40.72210378668603,-74.07145500183104,23
1057,21,Brunswick & 6th,40.726011729646245,-74.0503889322281,81
1058,21,Brunswick St,40.7241765,-74.05065640000002,46
1059,21,Christ Hospital,40.734785818,-74.050443636,6
1060,21,City Hall,40.7177325,-74.04384499999998,195
1061,21,Columbus Dr at Exchange Pl,40.71687,-74.03281,320
1062,21,Columbus Drive,40.71835519823214,-74.03891444206238,115
1063,21,Communipaw & Berry Lane,40.71435836870427,-74.06661093235016,26
1064,21,Dey St,40.737711,-74.066921,31
1065,21,Dixon Mills,40.72163014263835,-74.04996782541275,75
1066,21,Essex Light Rail,40.71277420000001,-74.03648570000001,42
1067,21,Fairmount Ave,40.72572613742557,-74.07195925712584,26
1068,21,Glenwood Ave,40.72755146730012,-74.07106071710588,21
1069,21,Grand St,40.71517767732029,-74.03768330812454,87
1070,21,Grove St PATH,40.71958611647166,-74.0431174635887,504
1071,21,Hamilton Park,40.727595965999996,-74.044247311,174
1072,21,Harborside,40.71925170000001,-74.034234,216
1073,21,Heights Elevator,40.748715945380226,-74.04044330120088,46
1074,21,Hilltop,40.7311689,-74.0575736,42
1075,21,Hoboken Ave at Monmouth St,40.73520838045357,-74.04696375131606,49
1076,21,JC Medical Center,40.71653978099194,-74.0496379137039,93
1077,21,Jackson Square,40.71113,-74.0789,26
1078,21,Jersey & 3rd,40.723331586464354,-74.04595255851744,73
1079,21,Jersey & 6th St,40.72528910781132,-74.04557168483734,57
1080,21,Journal Square,40.73367,-74.0625,45
1081,21,Lafayette Park,40.71346382669195,-74.06285852193831,40
1082,21,Leonard Gordon Park,40.74590996631558,-74.05727148056029,15
1083,21,Liberty Light Rail,40.7112423,-74.0557013,154
1084,21,Lincoln Park,40.7246050998869,-74.07840594649316,85
1085,21,Manila & 1st,40.72165072487999,-74.04288411140442,107
1086,21,Marin Light Rail,40.71458403535893,-74.04281705617905,150
1087,21,McGinley Square,40.7253399253558,-74.06762212514876,68
1088,21,Monmouth and 6th,40.72568548362901,-74.0487903356552,29
1089,21,Montgomery St,40.71942,-74.05099,25
1090,21,Morris Canal,40.7124188237569,-74.03852552175522,104
1091,21,Newark Ave,40.72152515,-74.046304543,162
1092,21,Newport PATH,40.7272235,-74.03375890000002,164
1093,21,Newport Pkwy,40.7287448,-74.03210820000002,349
1094,21,Oakland Ave,40.7376037,-74.05247829999998,22
1095,21,Paulus Hook,40.7141454,-74.0335519,153
1096,21,Pershing Field,40.742677141,-74.051788633,76
1097,21,Riverview Park,40.7443187,-74.04399090000003,28
1098,21,Sip Ave,40.73089709786179,-74.06391263008119,267
1099,21,Union St,40.71821129999999,-74.08363940000002,23
1100,21,Van Vorst Park,40.71848892,-74.047726625,88
1101,21,Warren St,40.72112360000001,-74.03805095,168
1102,21,Washington St,40.7242941,-74.0354826,151
1103,21,York St,40.71649,-74.04105,38
1104,22,5 Corners Library,40.73496102000952,-74.05950307846071,31
1105,22,Astor Place,40.71928220070703,-74.07126188278198,19
1106,22,Baldwin at Montgomery,40.7236589,-74.0641943,40
1107,22,Bergen Ave,40.72210378668603,-74.07145500183104,33
1108,22,Brunswick & 6th,40.726011729646245,-74.0503889322281,34
1109,22,Brunswick St,40.7241765,-74.05065640000002,26
1110,22,Christ Hospital,40.734785818,-74.050443636,9
1111,22,City Hall,40.7177325,-74.04384499999998,101
1112,22,Columbus Dr at Exchange Pl,40.71687,-74.03281,310
1113,22,Columbus Drive,40.71835519823214,-74.03891444206238,57
1114,22,Communipaw & Berry Lane,40.71435836870427,-74.06661093235016,18
1115,22,Dey St,40.737711,-74.066921,13
1116,22,Dixon Mills,40.72163014263835,-74.04996782541275,51
1117,22,Essex Light Rail,40.71277420000001,-74.03648570000001,36
1118,22,Fairmount Ave,40.72572613742557,-74.07195925712584,96
1119,22,Glenwood Ave,40.72755146730012,-74.07106071710588,38
1120,22,Grand St,40.71517767732029,-74.03768330812454,40
1121,22,Grove St PATH,40.71958611647166,-74.0431174635887,338
1122,22,Hamilton Park,40.727595965999996,-74.044247311,92
1123,22,Harborside,40.71925170000001,-74.034234,183
1124,22,Heights Elevator,40.748715945380226,-74.04044330120088,44
1125,22,Hilltop,40.7311689,-74.0575736,48
1126,22,Hoboken Ave at Monmouth St,40.73520838045357,-74.04696375131606,55
1127,22,JC Medical Center,40.71653978099194,-74.0496379137039,57
1128,22,Jackson Square,40.71113,-74.0789,18
1129,22,Jersey & 3rd,40.723331586464354,-74.04595255851744,32
1130,22,Jersey & 6th St,40.72528910781132,-74.04557168483734,45
1131,22,Journal Square,40.73367,-74.0625,53
1132,22,Lafayette Park,40.71346382669195,-74.06285852193831,63
1133,22,Leonard Gordon Park,40.74590996631558,-74.05727148056029,10
1134,22,Liberty Light Rail,40.7112423,-74.0557013,71
1135,22,Lincoln Park,40.7246050998869,-74.07840594649316,59
1136,22,Manila & 1st,40.72165072487999,-74.04288411140442,69
1137,22,Marin Light Rail,40.71458403535893,-74.04281705617905,61
1138,22,McGinley Square,40.7253399253558,-74.06762212514876,79
1139,22,Monmouth and 6th,40.72568548362901,-74.0487903356552,18
1140,22,Montgomery St,40.71942,-74.05099,38
1141,22,Morris Canal,40.7124188237569,-74.03852552175522,76
1142,22,Newark Ave,40.72152515,-74.046304543,129
1143,22,Newport PATH,40.7272235,-74.03375890000002,119
1144,22,Newport Pkwy,40.7287448,-74.03210820000002,255
1145,22,Oakland Ave,40.7376037,-74.05247829999998,17
1146,22,Paulus Hook,40.7141454,-74.0335519,157
1147,22,Pershing Field,40.742677141,-74.051788633,64
1148,22,Riverview Park,40.7443187,-74.04399090000003,16
1149,22,Sip Ave,40.73089709786179,-74.06391263008119,179
1150,22,Union St,40.71821129999999,-74.08363940000002,22
1151,22,Van Vorst Park,40.71848892,-74.047726625,43
1152,22,Warren St,40.72112360000001,-74.03805095,68
1153,22,Washington St,40.7242941,-74.0354826,106
1154,22,York St,40.71649,-74.04105,20
1155,23,5 Corners Library,40.73496102000952,-74.05950307846071,16
1156,23,Astor Place,40.71928220070703,-74.07126188278198,23
1157,23,Baldwin at Montgomery,40.7236589,-74.0641943,34
1158,23,Bergen Ave,40.72210378668603,-74.07145500183104,24
1159,23,Brunswick & 6th,40.726011729646245,-74.0503889322281,15
1160,23,Brunswick St,40.7241765,-74.05065640000002,18
1161,23,Christ Hospital,40.734785818,-74.050443636,27
1162,23,City Hall,40.7177325,-74.04384499999998,83
1163,23,Columbus Dr at Exchange Pl,40.71687,-74.03281,199
1164,23,Columbus Drive,40.71835519823214,-74.03891444206238,94
1165,23,Communipaw & Berry Lane,40.71435836870427,-74.06661093235016,14
1166,23,Dey St,40.737711,-74.066921,10
1167,23,Dixon Mills,40.72163014263835,-74.04996782541275,32
1168,23,Essex Light Rail,40.71277420000001,-74.03648570000001,27
1169,23,Fairmount Ave,40.72572613742557,-74.07195925712584,12
1170,23,Glenwood Ave,40.72755146730012,-74.07106071710588,8
1171,23,Grand St,40.71517767732029,-74.03768330812454,35
1172,23,Grove St PATH,40.71958611647166,-74.0431174635887,231
1173,23,Hamilton Park,40.727595965999996,-74.044247311,77
1174,23,Harborside,40.71925170000001,-74.034234,85
1175,23,Heights Elevator,40.748715945380226,-74.04044330120088,45
1176,23,Hilltop,40.7311689,-74.0575736,18
1177,23,Hoboken Ave at Monmouth St,40.73520838045357,-74.04696375131606,41
1178,23,JC Medical Center,40.71653978099194,-74.0496379137039,45
1179,23,Jackson Square,40.71113,-74.0789,25
1180,23,Jersey & 3rd,40.723331586464354,-74.04595255851744,21
1181,23,Jersey & 6th St,40.72528910781132,-74.04557168483734,29
1182,23,Journal Square,40.73367,-74.0625,27
1183,23,Lafayette Park,40.71346382669195,-74.06285852193831,13
1184,23,Leonard Gordon Park,40.74590996631558,-74.05727148056029,7
1185,23,Liberty Light Rail,40.7112423,-74.0557013,19
1186,23,Lincoln Park,40.7246050998869,-74.07840594649316,14
1187,23,Manila & 1st,40.72165072487999,-74.04288411140442,35
1188,23,Marin Light Rail,40.71458403535893,-74.04281705617905,45
1189,23,McGinley Square,40.7253399253558,-74.06762212514876,59
1190,23,Monmouth and 6th,40.72568548362901,-74.0487903356552,11
1191,23,Montgomery St,40.71942,-74.05099,11
1192,23,Morris Canal,40.7124188237569,-74.03852552175522,62
1193,23,Newark Ave,40.72152515,-74.046304543,92
1194,23,Newport PATH,40.7272235,-74.03375890000002,63
1195,23,Newport Pkwy,40.7287448,-74.03210820000002,125
1196,23,Oakland Ave,40.7376037,-74.05247829999998,18
1197,23,Paulus Hook,40.7141454,-74.0335519,117
1198,23,Pershing Field,40.742677141,-74.051788633,59
1199,23,Riverview Park,40.7443187,-74.04399090000003,16
1200,23,Sip Ave,40.73089709786179,-74.06391263008119,146
1201,23,Union St,40.71821129999999,-74.08363940000002,8
1202,23,Van Vorst Park,40.71848892,-74.047726625,40
1203,23,Warren St,40.72112360000001,-74.03805095,18
1204,23,Washington St,40.7242941,-74.0354826,74
1205,23,York St,40.71649,-74.04105,25
